"Library","Predictor","nComp_optimal","RMSEP_CV","R2_CV","Bias","RPD","Perm_p"
"5nm","TWD_drone",2,26.4212096960786,0.135797719088579,-0.0185808757175394,1.07457621098888,0.0560560560560561
