"Model","Predictor","RMSE_CV","R2_CV","Bias","RPD","Perm_p"
"RandomForest","cshrink",4.33988674700898,0.554110211655346,0.164907459119496,1.50657760071418,NA
