"Model","Predictor","RMSE_CV","R2_CV","Bias","RPD","Perm_p"
"RandomForest","TWD_drone",28.8416513959708,0.0778071895071008,2.59367230198924,0.984395900746557,NA
